chain-length,position,frequency,word
2,1,186,بد
2,2,118,دور
2,1,5,عام
2,2,27,پنهان
2,1,13,الهی
2,1,6,افزون
2,2,10,افزون
2,1,24,سیه
2,2,4,نشین
2,1,4,نر
2,2,5,زبون
2,1,1,شناسنده
2,2,16,تمام
2,1,60,نو
2,2,75,پدید
2,1,5,جاودانه
2,2,1,معجز
2,1,29,مهتر
2,2,1,والا
2,1,3,بزرگ
2,2,1,مُرتَهَنَ
2,1,2,بارکش
2,2,58,اندک
2,1,80,بیش
2,2,6,وکم
2,1,1,کارساز
2,2,3,محتاج
2,1,9,شاد
2,2,28,خوار
2,1,4,امن
2,1,1,هنرمندی
2,2,62,روان
2,1,1,جوهرش
2,2,4,متحیر
2,1,8,زرین
2,2,185,پر
2,1,9,ابری
2,1,65,پر
2,2,14,خم
2,1,56,روشن
2,2,19,روا
2,1,64,اندک
2,2,2,دمادم
2,1,7,روشنی
2,2,99,پیدا
2,1,2,آزاد
2,1,9,مرغی
2,2,4,زرین
2,1,10,آباد
2,2,5,محکم
2,1,23,پیدا
2,2,3,زیبا
2,2,6,مشکین
2,1,32,جهانی
2,1,8,فانی
2,2,19,بلند
2,1,5,اصلی
2,2,23,استوار
2,1,3,گردون
2,1,12,شاهی
2,2,11,مهتر
2,1,1,مَحَک
2,1,1,استوارش
2,1,1,سدِّ
2,1,4,نوروزی
2,1,4,مشکین
2,2,4,نهفته
2,1,6,تنگ
2,1,4,عابد
2,2,42,بیدار
2,1,1,ندارنْدَش
2,2,4,معذور
2,1,12,سرخ
2,1,36,نیک
2,2,1,ناقدی
2,1,1,بصیر
2,2,1,ضریر
2,1,2,عجم
2,2,22,تنگ
2,1,12,راحت
2,2,137,بیش
2,1,1,سوزنده
2,2,27,گرم
2,1,1,توگویی
2,2,1,معیل
2,1,5,زرد
2,1,2,شگفت
2,2,6,ابری
2,2,6,نیکو
2,2,1,بسزایی
2,1,2,مرسوم
2,2,4,مهیا
2,1,6,بدخواه
2,2,96,کم
2,1,15,بیچاره
2,2,4,پیوسته
2,2,1,پخته
2,1,1,معظم
2,2,2,شادمان
2,1,4,بحری
2,1,11,تهی
2,2,306,باز
2,1,1,مثابت
2,2,1,زیادت
2,1,7,خیره
2,2,51,جدا
2,1,21,های
2,2,16,دروغ
2,1,8,بدبخت
2,1,1,ارغوانْ
2,2,5,نیکوتر
2,1,2,شکفته
2,2,1,گستر
2,1,3,رنگین
2,2,23,عیان
2,1,27,سخت
2,2,52,تهی
2,1,44,تیره
2,1,20,باز
2,2,6,پسین
2,1,3,غمگین
2,2,15,خلاص
2,1,9,گشتی
2,2,1,عهدی
2,1,13,زود
2,1,3,معین
2,2,11,پاک
2,1,3,عهدی
2,2,10,دراز
2,2,2,تنها
2,1,19,کافر
2,2,1,بشدی
2,2,21,بتر
2,1,4,بتر
2,2,8,سپید
2,1,59,کم
2,2,24,نمی
2,1,12,پیاده
2,1,5,محال
2,2,4,مجاز
2,1,4,ارچه
2,1,2,نومید
2,1,1,دندانی
2,1,20,جدا
2,1,3,روانی
2,1,3,سختی
2,2,14,راست
2,1,1,قویتر
2,2,4,بهترین
2,1,14,زیر
2,1,9,اجل
2,2,1,مقهور
2,1,9,باطل
2,2,1,خاکسار
2,2,1,مقدر
2,1,23,راست
2,2,1,ماحضر
2,1,4,سبحان
2,2,5,دادگر
2,1,1,قدیمی
2,1,33,جاودان
2,2,11,فارغ
2,1,1,معیل
2,2,4,فقیر
2,1,2,دوار
2,2,4,مطیع
2,2,2,محفوظ
2,1,1,خواجهٔ
2,2,13,ممکن
2,1,1,ملخی
2,1,4,بران
2,1,12,سرد
2,2,28,نهان
2,1,1,منه
2,1,5,آلوده
2,1,1,منور
2,1,29,گران
2,2,1,سنگی
2,1,1,عزیزتر
2,2,5,خاکی
2,1,1,کردهاش
2,2,12,قبول
2,1,1,گرامیش
2,1,1,خرگه
2,2,1,مجسم
2,1,5,غلط
2,2,4,زاید
2,2,4,کافر
2,1,1,مبطل
2,2,12,باطل
2,1,62,پاره
2,2,71,پاره
2,1,14,نیکو
2,2,1,مشمر
2,1,2,مسخره
2,2,1,وار
2,1,1,پوشیده
2,2,1,عریان
2,2,5,مبارک
2,1,2,دلشده
2,2,28,زنده
2,1,5,فراوان
2,1,1,یقینی
2,1,112,خوش
2,2,116,خوش
2,1,12,خسته
2,2,8,شکفته
2,1,3,گسترده
2,1,1,انبوه
2,2,28,ایمن
2,1,1,ناگه
2,1,6,سبک
2,2,10,درست
2,2,1,بردبار
2,2,4,لشکری
2,1,11,خوار
2,2,2,بدخواه
2,2,6,برنا
2,1,4,آهنین
2,2,3,نیشتر
2,1,1,رزمی
2,2,12,گران
2,1,1,یکماهه
2,2,1,مطرفی
2,1,6,نخستین
2,1,34,زنده
2,1,2,بخشنده
2,1,29,بس
2,2,3,دلیر
2,1,14,اندکی
2,2,11,کمتر
2,1,3,کند
2,2,4,دستگیر
2,2,1,انگیزتر
2,1,1,شاهــــی
2,2,36,گم
2,1,1,پهناش
2,1,2,داغ
2,1,9,سبز
2,2,38,آشکار
2,2,10,بیشتر
2,1,1,خروشنده
2,2,3,سخت
2,1,9,نزدیک
2,2,1,عم
2,2,1,سبکسر
2,1,16,اش
2,2,12,داغ
2,1,6,گنده
2,2,8,پیر
2,1,2,بدت
2,1,10,خفته
2,1,3,سپاهی
2,2,6,فزون
2,1,1,خشتی
2,2,25,رها
2,1,2,پراکنده
2,1,7,شهری
2,2,1,آراسته
2,1,3,پهن
2,2,7,زیر
2,1,5,گم
2,2,3,زود
2,1,30,کهن
2,2,30,بهتر
2,2,1,نیکتر
2,1,42,پاک
2,1,6,تابان
2,1,1,بارگی
2,1,10,کور
2,2,9,یکسان
2,1,8,دری
2,2,4,سرد
2,1,7,خوبی
2,2,1,بیاری
2,1,3,ایزدی
2,2,2,خرسند
2,1,3,رام
2,2,4,گستاخ
2,2,6,تیره
2,1,17,مرده
2,2,14,بد
2,2,2,آبی
2,1,1,سپیدش
2,1,4,پیشین
2,2,8,نکوتر
2,2,5,بیزار
2,2,1,درخشان
2,2,5,قادر
2,1,1,گلگونش
2,2,4,گریان
2,2,46,روشن
2,1,1,ماکه
2,2,4,جاویدان
2,2,3,بیهوش
2,1,12,وزین
2,2,8,بدتر
2,1,2,فرزانه
2,1,28,مست
2,2,6,جاودان
2,1,1,جانا
2,2,5,برین
2,1,16,آشنا
2,2,18,بس
2,1,1,تبتی
2,2,34,خوشتر
2,2,1,همرنگ
2,1,2,بایسته
2,2,15,عاجز
2,2,7,مسکین
2,2,2,روانی
2,2,10,فراوان
2,1,4,مغرور
2,2,38,غافل
2,1,1,خوفناک
2,1,1,خراباتی
2,2,50,خراب
2,1,2,افشان
2,1,3,حیران
2,1,14,پنهان
2,1,5,گریان
2,1,8,زبر
2,2,2,جهانی
2,1,11,کلی
2,2,3,غرق
2,1,14,خراب
2,2,7,اولیتر
2,1,4,نابینا
2,1,1,رسوا
2,1,11,زیبا
2,1,1,ناپیدا
2,1,1,شیدا
2,1,3,خوشش
2,2,29,مست
2,1,12,خندان
2,1,13,مسکین
2,2,17,حرام
2,1,1,کننده
2,1,1,منزلگه
2,2,39,ازین
2,1,7,بیدار
2,2,4,مطلق
2,1,4,سرگشته
2,1,15,سوخته
2,2,2,ضم
2,1,9,عزیز
2,2,7,جوان
2,1,3,محبوب
2,2,8,قرین
2,1,36,نهان
2,2,2,کاری
2,1,3,جایگه
2,2,6,تازه
2,2,1,بیشی
2,1,24,توام
2,2,8,محو
2,1,2,یگانه
2,1,1,زنانه
2,1,9,غافل
2,2,1,مخسب
2,1,1,سنگی
2,1,4,بریده
2,1,6,جاودانی
2,1,2,بیانی
2,2,4,فراموش
2,1,1,شکربار
2,2,16,توام
2,1,3,دلسوخته
2,1,27,عیان
2,2,2,درافکن
2,2,2,بپر
2,1,11,دور
2,2,5,نزدیک
2,1,4,ناکام
2,2,3,بجا
2,1,8,دستی
2,1,10,حقه
2,1,1,معتدلتر
2,1,17,برین
2,2,1,نیلی
2,2,22,مبین
2,2,1,گویمی
2,2,1,شهوار
2,2,1,حقه
2,1,3,جانبخش
2,1,1,سرنگون
2,2,1,ناپایدار
2,2,5,آرام
2,1,1,نکردستی
2,1,5,سرکش
2,2,7,سرنگون
2,1,11,خرم
2,2,5,خرامان
2,2,6,رنجور
2,2,1,تشنه
2,1,4,رطل
2,2,1,مردافکن
2,1,1,پشیمان
2,2,1,عاجزم
2,1,1,جمعیتی
2,1,2,عشقی
2,2,6,مبتلا
2,1,9,بادی
2,1,6,خم
2,1,1,خودببینی
2,1,3,عالی
2,1,5,تیز
2,2,17,خالی
2,2,12,نیک
2,2,1,پاکتر
2,2,3,گرسنه
2,1,13,جوی
2,1,4,ناخوش
2,1,4,غیبی
2,1,6,خاص
2,1,13,زار
2,2,5,زار
2,2,1,دینی
2,1,2,ناگفته
2,1,1,فاسد
2,1,1,مفلوج
2,1,4,مبتلا
2,1,1,مغزی
2,2,1,ازو
2,1,1,آنجایگه
2,2,3,نابود
2,2,2,بیکبار
2,2,2,راضی
2,2,11,آگاه
2,2,17,آزاد
2,2,4,رایگان
2,1,10,بدم
2,1,7,قوی
2,1,5,برنا
2,1,12,بیهوده
2,2,1,مشغولش
2,1,2,خونین
2,2,1,معتدل
2,2,4,گشاده
2,1,1,دوالک
2,1,1,بمردی
2,2,1,مرده
2,2,1,مطهّر
2,1,1,آزمودی
2,1,1,ناکردنی
2,2,2,مشغول
2,2,1,همراه
2,1,1,نکونامی
2,1,7,جانی
2,1,1,دائم
2,1,5,پخته
2,2,8,خاموش
2,1,1,بازگسترده
2,1,1,علوی
2,2,2,منور
2,1,6,رسی
2,1,2,عاشق
2,1,1,پسین
2,2,16,آسان
2,1,1,درازی
2,1,1,نامعلوم
2,2,2,مسلمانی
2,2,1,تخمی
2,1,1,بما
2,1,1,لعبی
2,2,2,دگرگون
2,2,1,لگدکوب
2,1,4,نبودی
2,2,1,نامساعد
2,1,7,ماندی
2,2,15,گرفتار
2,1,12,تازه
2,1,3,آشفته
2,2,1,کارا
2,2,3,پارسا
2,1,7,چشمی
2,1,1,نیکویی
2,1,1,زرّین
2,1,1,نیلی
2,1,3,سیاهش
2,2,10,خیره
2,1,1,بیقراری
2,1,6,بیگانه
2,1,1,رخشان
2,1,3,اسبی
2,2,5,منقلب
2,2,5,مزین
2,2,3,بهاتر
2,2,1,لقاتر
2,1,1,ساختی
2,1,4,درمانده
2,2,2,شایسته
2,1,1,صبحگاهی
2,1,3,زخمی
2,2,1,آواره
2,1,1,زنگاری
2,2,5,سیه
2,1,6,خاکی
2,1,7,تاریک
2,1,24,تر
2,2,3,خشک
2,1,1,صراحی
2,2,4,دلشاد
2,2,3,پاکیزه
2,1,4,عالمی
2,2,1,معلّق
2,2,1,نکو
2,1,1,وسختی
2,2,1,بیخبر
2,1,1,طشتی
2,1,2,پیوسته
2,1,1,آبکی
2,1,1,تیرهتر
2,2,1,ازمشک
2,1,4,فرسوده
2,2,3,گردی
2,1,7,حاضر
2,2,4,غایب
2,1,1,مانم
2,1,3,مسلمان
2,1,5,یابی
2,1,4,عظیم
2,2,10,ناخوش
2,1,2,خرد
2,2,3,نادیده
2,1,6,دروغ
2,2,1,فربه
2,1,1,بیدلی
2,1,1,درمی
2,1,2,عدمی
2,1,1,الاهی
2,2,7,مفروش
2,1,3,خونی
2,1,1,نازکی
2,1,1,منِ
2,2,3,دایم
2,1,2,خاکستری
2,1,14,روان
2,1,4,حرام
2,1,3,خطی
2,1,2,نامرد
2,1,18,سیاه
2,2,1,مینتوان
2,1,3,رایگان
2,2,6,خندان
2,2,8,خسته
2,1,11,تمام
2,2,3,معلوم
2,1,3,دلکش
2,1,2,شیرینش
2,2,5,جاوید
2,1,1,خوانی
2,2,1,صادق
2,2,5,مستور
2,1,1,ظاهری
2,2,4,مقدم
2,1,6,خودی
2,2,1,مالدار
2,1,2,صورتی
2,2,4,حاضر
2,1,1,شرعی
2,2,1,ماندهٔ
2,1,5,پاکش
2,2,3,بیشکی
2,2,1,بریده
2,1,15,بیشکی
2,2,2,پیروز
2,1,2,نامحرم
2,1,4,اینجاگه
2,1,1,برخوردار
2,2,3,بیشک
2,2,1,بآخر
2,1,3,فاش
2,2,12,فاش
2,2,10,هویدا
2,1,1,بشناختی
2,1,2,جمعی
2,1,14,دانا
2,2,21,شاد
2,2,2,زبر
2,2,1,بدی
2,1,1,رافضی
2,2,3,حیران
2,2,1,صور
2,1,7,کلّی
2,1,1,گمشده
2,1,1,یکتائی
2,1,3,واصل
2,2,6,ناچار
2,2,4,ناکام
2,1,1,جاهلی
2,1,5,دشوار
2,1,4,بمن
2,1,2,بهیمی
2,1,1,لعنتی
2,1,1,ببخشی
2,2,5,رسوا
2,1,6,حی
2,2,2,رحمان
2,1,6,بیخودی
2,2,1,جاودانی
2,1,1,سفل
2,1,1,ارشوی
2,1,1,واصلی
2,2,1,مشتق
2,1,2,خدائی
2,2,1,بیشمار
2,1,6,اوّلین
2,2,2,بیفکن
2,1,1,عجب
2,2,1,صادر
2,1,1,بشتافتی
2,1,1,دریاگشته
2,1,1,بنشسته
2,1,2,اینجایگه
2,1,6,شوم
2,1,1,ناگهی
2,2,1,خواهیش
2,1,1,ماندستی
2,1,7,نادیده
2,2,1,گمراه
2,1,1,وامانده
2,1,1,مرمرا
2,2,2,تک
2,1,1,بهر
2,2,14,آشنا
2,1,4,پاکیزه
2,2,2,ذاتی
2,1,9,خوشی
2,2,3,مجروح
2,1,4,موجود
2,1,1,دوئی
2,1,1,دیدهٔ
2,1,5,بدی
2,1,1,مشکاتی
2,2,2,ناظر
2,2,1,واقف
2,1,1,درخاک
2,1,3,مطلق
2,2,1,بسنده
2,1,1,شهی
2,2,2,منگر
2,2,1,اوّلین
2,2,10,بالا
2,1,2,جسمانی
2,1,2,لایزالی
2,1,1,مردود
2,2,2,ضروری
2,1,1,دوزخی
2,1,1,بیکسی
2,1,1,دانای
2,2,1,مامستور
2,1,2,دریائی
2,1,1,استاده
2,2,1,مستغرق
2,1,9,دون
2,2,8,آلوده
2,1,1,مایهٔ
2,1,2,لعین
2,1,9,فقیر
2,2,3,بینوا
2,1,2,جسته
2,1,1,ازدختر
2,1,1,معتقد
2,1,1,لدنّی
2,2,2,مشفق
2,1,5,بالا
2,2,6,بیگانه
2,1,1,درعلم
2,2,5,معروف
2,1,1,ازچوبی
2,1,23,گرم
2,1,1,گردوکشتی
2,1,1,جرمیم
2,2,2,درهم
2,1,1,صدیق
2,2,1,دردناک
2,1,1,گردی
2,2,3,فعال
2,1,5,دایم
2,2,1,جنبنده
2,1,1,وانگه
2,1,2,بسیاری
2,1,3,دردمند
2,1,1,مجنونی
2,2,3,ریز
2,1,2,نابود
2,1,5,علمی
2,1,14,خشک
2,2,1,میغی
2,2,9,ضعیف
2,1,1,ملکی
2,2,1,محقق
2,1,1,براقی
2,1,1,ایمن
2,2,3,نابینا
2,1,1,صحرائی
2,2,1,سرگردان
2,1,5,افسرده
2,2,1,معطل
2,1,2,محسوس
2,1,5,خالی
2,1,4,محفوظ
2,1,2,حضوری
2,2,1,بخشدش
2,1,1,چرائی
2,2,2,ساکن
2,1,1,سرخود
2,2,1,وامانده
2,2,1,بیچون
2,1,3,اعلی
2,2,3,برتر
2,2,7,ناتوان
2,2,3,رسی
2,1,2,معنوی
2,1,2,فتاده
2,2,3,رام
2,1,1,مستای
2,2,1,دنیادار
2,1,6,ابله
2,1,1,رنگارنگ
2,2,1,خفیف
2,2,1,راستگو
2,2,2,لافی
2,1,3,ضعیفی
2,1,2,محالی
2,1,3,رنگی
2,2,1,دگرسان
2,1,8,دراز
2,2,6,آگه
2,1,2,حقیقی
2,1,1,حسی
2,1,2,محو
2,2,2,گلی
2,2,1,باشدترا
2,1,10,هرزه
2,1,11,کردی
2,2,4,عجین
2,1,2,طبعی
2,1,5,عقلی
2,1,5,سست
2,2,6,گشاد
2,1,3,میسر
2,2,2,خیر
2,2,8,ناگزیر
2,2,3,رسا
2,1,4,تازی
2,2,1,فراخ
2,2,1,بیدا
2,1,1,سرخش
2,2,1,غبارآلود
2,1,1,صاف
2,2,3,چیره
2,1,1,عمومی
2,1,1,مراگر
2,1,3,پارسی
2,1,1,مدیحتی
2,2,2,نغز
2,1,1,رفته
2,1,2,صریحش
2,1,1,گهربار
2,1,2,خلاق
2,2,1,اکبر
2,1,4,مبادا
2,1,1,سپیدم
2,1,3,سوری
2,2,2,فراتر
2,1,1,مقاسمتی
2,2,1,ناصواب
2,2,3,متصل
2,1,8,ناب
2,2,1,خوشگوار
2,1,1,بزرگوار
2,2,1,مردا
2,1,2,شرر
2,1,1,مطر
2,1,1,دادگر
2,1,2,ایرانی
2,2,1,دربدر
2,1,1,خودخواه
2,2,5,منافق
2,2,2,مدر
2,1,4,مردمی
2,2,2,مسپر
2,1,1,نشاطش
2,2,3,افزونتر
2,1,2,چپ
2,2,3,متمایل
2,2,1,خواجه
2,2,3,خرم
2,1,8,نرم
2,2,10,نرم
2,1,1,سنگینش
2,1,1,شمالی
2,2,1,فائق
2,2,1,مرتب
2,2,1,پگاه
2,1,1,ورنه
2,1,1,مؤخر
2,1,1,کلامی
2,2,1,مبهم
2,1,1,سلیقگی
2,2,1,ملزم
2,1,8,خوبش
2,2,2,ارزان
2,2,2,یکسو
2,2,3,رنگین
2,1,2,شبانگه
2,2,5,فکن
2,2,7,بران
2,1,8,بلند
2,1,4,درست
2,2,1,درسی
2,1,1,سفاهتی
2,1,1,سنجی
2,2,2,وزین
2,1,1,حصنی
2,2,1,حصین
2,1,16,جنگی
2,2,1,دریسار
2,2,2,کمترین
2,1,1,وجنگبارگی
2,2,1,ثناگستر
2,2,1,ماهتاب
2,1,2,مغشوش
2,1,3,دریایی
2,2,2,کافی
2,1,2,سرسری
2,2,2,برپا
2,2,3,نمایان
2,1,3,دیرین
2,1,1,ارزشی
2,2,4,مکرر
2,1,2,دودست
2,1,3,آسمانی
2,2,4,آبدار
2,2,1,بعید
2,2,1,وارسته
2,2,3,ضایع
2,1,2,غصهٔ
2,2,2,درخور
2,1,1,ملی
2,2,8,نوش
2,1,1,نسنجیده
2,1,1,خودکامه
2,2,1,خوبش
2,1,6,مهربان
2,1,1,سیاسی
2,1,1,دفتری
2,2,1,انباشته
2,1,1,نوبتی
2,1,2,مسلم
2,1,4,لاغر
2,1,1,وارده
2,2,2,عزیزم
2,2,3,پیاده
2,1,4,آرام
2,2,1,ممتاز
2,1,4,دولتی
2,1,1,مرکّب
2,1,2,صنعتی
2,2,5,غالب
2,2,1,مفتوح
2,1,1,نژادی
2,2,1,انبوه
2,1,1,جوانمرد
2,2,2,محکوم
2,1,1,ژرف
2,2,1,دورکن
2,2,1,ماندا
2,2,2,بزرگ
2,1,2,شخصی
2,2,2,لاابالی
2,2,1,محتاط
2,1,3,حکیم
2,2,1,مسلک
2,1,1,پیاپی
2,2,6,وانمود
2,2,1,مگرکم
2,2,2,موجود
2,2,4,نزدیکتر
2,1,1,بالنده
2,2,2,برخوردار
2,1,1,انقلابی
2,1,1,جوهری
2,2,1,سریع
2,1,6,دیرینه
2,2,5,ناپدید
2,1,1,خنگ
2,2,1,راهوار
2,2,1,نیکوکار
2,2,1,کسل
2,2,13,قانع
2,1,1,موقتی
2,1,1,غارش
2,2,1,ثقیل
2,1,1,نوین
2,2,2,کودن
2,1,1,دیرینش
2,2,2,مسلم
2,1,1,بیکاره
2,1,4,غدار
2,2,2,پلید
2,2,5,لطیف
2,1,2,میانه
2,2,3,گزین
2,1,1,یکسره
2,1,1,کله
2,2,13,دارا
2,2,1,خروسی
2,2,1,دچار
2,1,1,مکرر
2,1,1,مقشر
2,1,1,موهوم
2,2,1,ایجادکن
2,1,13,چینی
2,1,12,خیالی
2,1,1,ازشفق
2,2,3,آبستن
2,2,1,زیبنده
2,1,1,ناساز
2,1,5,بزرگی
2,1,6,خامشی
2,2,1,پیچیدن
2,1,4,لازم
2,1,4,واپسین
2,1,1,دیگرچه
2,1,1,بیتابی
2,2,3,ماکن
2,1,1,مقدر
2,1,1,پرکار
2,2,1,لازم
2,1,3,خودپرست
2,1,2,غماز
2,1,3,آسان
2,1,3,کشی
2,2,7,محال
2,1,1,افسانهٔ
2,2,1,راحت
2,2,2,ناقص
2,2,2,مغتنم
2,1,2,نامی
2,2,3,بسیار
2,1,3,سنگین
2,1,1,کاهلی
2,2,4,آماده
2,2,2,بیرنگ
2,1,2,کلفت
2,2,1,ست
2,1,1,کاری
2,2,2,سفید
2,1,3,آهنگی
2,2,1,زتار
2,1,1,شبگیر
2,1,1,دلگشا
2,1,2,نارسا
2,1,1,دلنشین
2,1,4,خاموش
2,1,1,نمایان
2,1,1,اعتباری
2,1,16,حبابی
2,1,1,زندانی
2,1,1,چراغان
2,1,2,سرشار
2,2,4,وتر
2,1,1,بیطاقتی
2,1,2,بستری
2,2,2,درکار
2,2,2,برنمی
2,1,1,واری
2,1,1,آشکاری
2,1,1,کناری
2,1,1,عاری
2,1,1,مشوش
2,2,1,اختیاری
2,2,4,خام
2,1,1,نگهی
2,2,1,بازپسین
2,1,1,ناز
2,2,3,حادث
2,2,3,تلخ
2,1,1,بیدستگاهی
2,1,1,بسیار
2,2,1,می
2,1,2,نایاب
2,1,1,بیدردی
2,1,1,قند
2,1,2,آتشین
2,1,1,مخمل
2,2,2,افکن
2,2,5,حزین
2,1,2,سرخوش
2,2,1,تسلی
2,2,1,جوشنی
2,2,3,صاف
2,1,1,صفتی
2,1,1,بیباکی
2,1,2,رسا
2,2,1,سوخته
2,1,10,ممکن
2,2,1,زخمی
2,1,2,شوخ
2,2,3,مکدر
2,1,1,رمی
2,2,2,بیخواب
2,1,4,انفعالی
2,1,2,چند
2,2,3,هوشیار
2,2,1,نارسا
2,1,1,مباش
2,1,8,خوشتر
2,1,1,شرد
2,1,1,سربسته
2,1,1,وهمی
2,1,1,خلوتی
2,1,1,پوچ
2,2,8,نادان
2,1,1,پرداز
2,1,7,پیر
2,1,1,مفت
2,2,1,روشنگر
2,1,1,خبیسان
2,1,1,واکنی
2,2,1,پامال
2,1,1,گرداندنی
2,1,1,سبکبال
2,1,2,لال
2,2,1,بیان
2,2,1,مغرض
2,1,1,بیرنگی
2,2,1,موهوم
2,2,1,مساوی
2,1,1,التفاتی
2,1,11,ناچار
2,2,1,سبز
2,1,5,کهنه
2,2,1,دیواری
2,1,2,معذور
2,2,1,حذرکن
2,2,1,درا
2,2,1,آهنگی
2,2,2,رگی
2,1,1,نسخهٔ
2,2,3,ابتر
2,1,4,قمری
2,1,1,وداع
2,1,1,مفتست
2,2,1,مبادا
2,2,1,لبریز
2,1,1,دامنی
2,2,1,پررنگ
2,1,2,روا
2,1,2,آواره
2,2,1,فکری
2,1,6,ازین
2,1,1,تمیز
2,1,1,نارسته
2,1,1,جنونی
2,1,1,تعلقم
2,1,1,جانکاه
2,1,2,فراموشم
2,2,1,فراموشم
2,1,1,بسته
2,1,7,سری
2,1,1,سازم
2,1,1,پشمی
2,1,5,خام
2,1,2,معدومی
2,2,2,مسخر
2,1,4,هوایی
2,2,1,افشان
2,1,3,عبث
2,2,2,مشکن
2,1,1,سوختنی
2,1,2,مایل
2,2,1,انداز
2,2,1,خشکم
2,1,4,وحشی
2,2,1,متهم
2,1,2,همنشین
2,2,1,مستش
2,1,1,مژدهٔ
2,2,1,خاکستری
2,1,2,گلی
2,2,2,نمکین
2,2,2,عملی
2,1,1,غمکده
2,1,1,محض
2,1,7,عراقی
2,1,2,مستمند
2,1,4,ناتوان
2,2,2,تماشایی
2,1,1,خوشنوای
2,1,2,محروم
2,2,1,نامحرم
2,2,1,وارهم
2,2,1,فرو
2,2,2,بدنام
2,1,1,زیستی
2,1,1,کزین
2,2,2,آرزومند
2,1,1,ناپدید
2,1,1,مثالی
2,2,2,مقرر
2,1,1,ناخواسته
2,1,7,پرستی
2,1,1,ناامید
2,1,2,نهانی
2,2,2,مرکب
2,1,3,سیراب
2,2,7,پشیمان
2,2,2,زیاد
2,2,4,منقش
2,1,1,شیری
2,1,2,بیابانی
2,2,3,دلتنگ
2,1,3,قادر
2,2,5,سزاوار
2,1,3,زیرک
2,2,5,هشیار
2,1,2,سالخورده
2,2,2,دلتر
2,1,1,وخوی
2,2,1,هراسان
2,2,2,پیچیده
2,2,1,آزاده
2,2,1,خوارتر
2,1,1,سیمی
2,2,1,فرخنده
2,2,4,سیاه
2,2,3,بهاری
2,1,1,برتر
2,1,2,نوش
2,2,2,فعالی
2,1,2,سهل
2,2,1,معنوی
2,1,4,جوان
2,1,3,گرسنه
2,1,2,مهجور
2,2,3,موافق
2,2,3,سرمست
2,1,5,تابنده
2,1,13,نامور
2,1,1,پیروزه
2,1,4,دینی
2,1,2,گرامی
2,2,2,رنجه
2,2,3,گریزان
2,1,6,خردمند
2,1,1,افگنده
2,1,2,کوهی
2,1,4,سپید
2,1,3,بازش
2,1,4,هندی
2,1,5,یکسان
2,2,4,بدم
2,1,1,دژم
2,2,1,مهتری
2,1,1,چنگی
2,1,1,رخشنده
2,1,1,جوشان
2,1,1,برخاستی
2,2,12,ویران
2,1,1,نهانم
2,1,2,پدید
2,2,2,آزرده
2,2,4,تاریک
2,1,2,ویژه
2,1,1,آمدستی
2,2,1,بپوش
2,2,1,تخوار
2,1,1,تندی
2,2,2,مکار
2,2,1,سوگوار
2,1,1,مرد
2,2,1,بتیر
2,1,1,گریزان
2,2,1,نیو
2,1,2,نابوده
2,2,5,نامور
2,1,1,مبارز
2,2,1,خروشان
2,1,4,نامدار
2,1,1,بدگمان
2,1,7,جهاندار
2,1,1,سرافراز
2,1,1,بیداردل
2,1,2,دلاور
2,1,1,پیروز
2,2,5,نامدار
2,1,2,تند
2,2,1,دژم
2,1,5,نادان
2,2,1,کهتر
2,1,6,خوب
2,2,2,ناسازگار
2,1,1,بهی
2,1,1,کابلی
2,1,5,رومی
2,1,1,دارا
2,2,1,مدارا
2,1,2,نهفته
2,2,1,ارجمند
2,1,1,خمی
2,1,3,لشکری
2,2,1,زورمند
2,2,1,ریزان
2,1,1,نورسیده
2,1,1,بدخوار
2,2,1,دشوار
2,2,3,پارسی
2,1,1,کاین
2,1,1,لرزان
2,2,1,ساده
2,2,1,پرآشوب
2,1,3,آزاده
2,2,1,بیکار
2,1,1,شاخی
2,2,1,برومند
2,2,1,بهر
2,1,1,کوشنده
2,2,1,نومید
2,1,1,تنومند
2,2,1,انباز
2,1,1,گرانمایه
2,2,1,برکنار
2,1,3,بدش
2,2,1,مقناع
2,1,1,مگریز
2,1,1,بدکار
2,1,6,روشنش
2,1,1,بدنام
2,2,2,خودکام
2,2,1,وبیدادگر
2,1,1,ونامی
2,2,1,بیدادگر
2,1,1,داستانی
2,2,1,سودمند
2,2,1,ازدرکارزار
2,1,1,زدیگر
2,1,1,پرمایه
2,1,1,پرستنده
2,2,1,اندکی
2,2,1,خودکامه
2,2,1,چبین
2,1,1,اندوهگین
2,2,1,بینیش
2,2,1,غمین
2,2,2,همنشین
2,1,4,ویران
2,2,3,زایل
2,1,1,تعالی
2,2,6,غریب
2,2,3,عبث
2,1,3,رنجور
2,2,1,تنک
2,1,11,دیوانه
2,1,4,جاهل
2,2,1,نهانم
2,1,1,رها
2,2,3,شوم
2,1,1,پرامید
2,1,1,بشرک
2,1,1,میباش
2,1,3,وفادار
2,2,4,غلط
2,1,8,هشیار
2,1,2,الوان
2,2,3,بدیع
2,1,1,ژنده
2,1,4,خوشت
2,2,3,خمار
2,1,1,خودبین
2,1,1,صادق
2,2,2,دون
2,1,4,پریشان
2,1,1,ظالمی
2,2,1,بیهوده
2,1,1,ضر
2,1,1,وافی
2,1,1,توگردد
2,1,1,وچهار
2,2,1,اسطقس
2,2,1,مصور
2,1,4,جسمی
2,2,1,مطهر
2,1,2,کمترین
2,2,1,مزدور
2,1,1,عمود
2,2,2,خوبتر
2,2,1,انجم
2,2,1,شناور
2,1,2,معلوم
2,2,1,مضمر
2,2,3,میسر
2,2,1,مراگذار
2,2,2,هلالی
2,1,1,موکب
2,1,1,تنها
2,2,2,مغزتر
2,1,3,لنگ
2,2,1,لنگ
2,2,1,موقر
2,2,1,بالغ
2,1,1,رسمی
2,2,4,لاغر
2,1,1,برومندش
2,2,1,داغدار
2,1,1,ساغری
2,1,4,سازی
2,1,1,کرار
2,2,1,مستعار
2,2,1,زاستین
2,1,1,زیبایی
2,2,1,شبیه
2,1,1,چرب
2,2,1,زبانتر
2,1,1,مراکردی
2,2,1,ممر
2,2,1,یاکمتر
2,2,2,بیکران
2,1,1,جمادی
2,1,1,بشکستی
2,2,1,عظام
2,1,2,ریز
2,2,1,وصابی
2,1,1,آفتابی
2,1,1,سوزان
2,2,1,دودی
2,1,5,بهاری
2,2,1,فرودین
2,1,1,سحرگه
2,2,1,آهنین
2,1,1,یکشبرنی
2,1,1,خضر
2,2,1,موتی
2,1,2,واجب
2,2,4,مردود
2,1,1,دزدی
2,2,1,جابجا
2,1,1,مغانه
2,2,1,حتم
2,1,1,تشنهٔ
2,1,1,شورانگیز
2,1,1,عالیقدر
2,1,3,بینا
2,1,1,ویرانه
2,2,1,بدترین
2,1,1,پاکدامن
2,1,1,حدیثی
2,2,1,عجیب
2,1,4,آبی
2,1,3,قدیم
2,1,2,پرخون
2,2,1,پابرجا
2,2,5,بینا
2,1,2,ثابت
2,2,1,قدم
2,1,2,زاید
2,1,2,ماهت
2,1,2,بماندی
2,2,2,نگران
2,1,1,گلگون
2,1,1,صافی
2,2,1,بشکن
2,1,17,شیرین
2,1,1,مذاب
2,1,2,خوشخوان
2,2,1,خوشگو
2,2,2,کوتاه
2,1,1,غنچهٔ
2,1,1,جانسوز
2,1,1,جفاکش
2,1,1,سلمی
2,1,3,حزین
2,1,1,جوشن
2,2,1,واثق
2,1,2,خونبار
2,1,1,بهتر
2,2,2,عاشق
2,2,3,آباد
2,2,1,وفادار
2,1,1,عزیزت
2,2,2,شیدا
2,1,5,کج
2,1,1,خاره
2,2,4,هلاک
2,1,3,شکسته
2,2,1,شیرینتر
2,1,1,سفیدش
2,2,1,افسرده
2,2,4,نخستین
2,1,3,خنک
2,2,1,ساحلی
2,2,1,ابله
2,1,1,غمی
2,2,1,ربودی
2,1,2,باستان
2,1,1,وانمود
2,1,1,بیشتر
2,1,1,فرومایه
2,2,2,سیار
2,1,1,معروف
2,1,1,دیداری
2,2,2,مجوی
2,1,1,نزدیکتر
2,2,3,کور
2,2,1,قاهر
2,1,1,طوفانی
2,2,1,خودی
2,2,1,احمر
2,2,1,حضر
2,1,2,قومی
2,1,1,مؤمن
2,2,1,پایدار
2,2,1,آوازه
2,1,1,خلیفگی
2,1,1,بجا
2,2,1,ملازم
2,1,1,لایزال
2,1,2,ثالث
2,2,1,ثلاثه
2,1,1,خارجی
2,2,1,منحط
2,2,1,نازل
2,1,1,خلاف
2,2,1,واقع
2,1,1,تخیلی
2,1,1,غوری
2,1,1,فروشی
2,1,2,هوشیار
2,2,2,چوبی
2,2,2,مشهود
2,1,1,کمی
2,1,1,لآلی
2,2,1,منثور
2,1,1,ویش
2,2,1,مضاعف
2,2,1,مثقال
2,2,1,مشتمل
2,1,7,نغز
2,2,7,گفتاری
2,1,1,ناقص
2,1,1,تنگتر
2,1,1,زانجا
2,2,3,خالص
2,1,2,اخضر
2,1,4,لخت
2,2,4,لخت
2,1,1,ساش
2,2,1,بصری
2,2,2,مطلع
2,1,1,عارف
2,1,2,شکاری
2,1,1,منقش
2,2,1,مستعجل
2,2,1,سرافکنده
2,1,1,یکدم
2,1,1,طاس
2,1,2,کان
2,1,2,مصری
2,1,1,وادیی
2,2,7,محروم
2,1,5,ظالم
2,2,2,مقنع
2,1,1,گوناگون
2,2,3,رنگی
2,1,1,خوبرو
2,2,1,خوبی
2,1,1,عنبرافشانش
2,2,2,معنبر
2,2,2,باغی
2,2,1,مأیوسی
2,1,1,ستاده
2,2,1,دلگشا
2,1,1,ناشگفته
2,2,3,نالان
2,2,2,روتر
2,2,3,توانگر
2,2,1,درفکن
2,2,1,پیاپی
2,1,1,قانع
2,2,1,سربلند
2,1,1,ناگوار
2,1,1,ریزی
2,2,1,نجستر
2,1,1,حکیمانه
2,1,1,مطلوب
2,1,2,جاوید
2,2,2,وقت
2,2,1,ناسپاسی
2,2,2,محظوظ
2,1,2,هنری
2,1,2,نداشتی
2,2,2,معاف
2,2,6,هنری
2,1,2,خوشم
2,2,2,سازگار
2,1,1,جزمی
2,1,2,فراخ
2,2,1,جهانیش
2,1,2,درفشان
2,1,2,مخلص
2,1,2,ناطقه
2,1,2,شریف
2,2,1,مقرون
2,1,2,سفلی
2,1,1,خیر
2,2,2,لذیذ
2,1,2,باری
2,2,1,تمیز
2,1,1,خانگی
2,1,3,زبانی
2,2,1,وصّاف
2,2,3,حلال
2,1,3,شادمان
2,1,1,رویی
2,1,1,تنگم
2,1,1,منم
2,1,1,زعورتی
2,2,1,مکشوف
2,2,1,جنایی
2,1,1,بهترین
2,2,1,مخدوم
2,2,1,گند
2,2,1,دولتی
2,2,1,مزیدی
2,1,1,نیایی
2,2,1,احمق
2,2,1,مسخره
2,1,1,بیکبارگی
2,1,2,ترش
2,2,1,خلوت
2,2,2,جاودانه
2,2,1,کبود
2,2,2,بیقرار
2,2,1,غمگین
2,1,1,چالاک
2,2,1,امین
2,1,2,سقیم
2,2,1,پران
2,2,1,رومی
2,2,2,مفکن
2,1,1,شریفتر
2,2,1,ثغر
2,1,1,نکوتر
2,1,1,مدور
2,1,1,معنبر
2,2,1,غضایری
2,1,1,مکدر
2,1,1,مصور
2,1,1,بدتر
2,1,1,مقرر
2,1,5,کژ
2,2,1,کژ
2,2,1,مقور
2,1,1,سرخی
2,2,5,مسلمان
2,1,1,کدر
2,2,2,نر
2,1,1,سوزنی
2,2,4,ناممکن
2,2,1,مصری
2,1,1,همام
2,2,1,اکرم
2,1,1,ناکرده
2,2,1,سری
2,2,2,ترش
2,1,1,بکری
2,1,1,براهیمی
2,1,1,نخورم
2,2,1,نعم
2,1,1,بالغ
2,1,3,سگی
2,1,1,سگالی
2,1,1,معالی
2,1,1,اقصی
2,2,1,هرزه
2,1,1,لختی
2,2,1,عیارتر
2,1,1,بیابی
2,2,1,بصر
2,2,1,لبالب
2,2,1,اختر
2,1,2,بالاتر
2,1,1,پریشانم
2,1,1,زمانی
2,1,2,آسیائی
2,1,1,بهائی
2,1,1,نوائی
2,2,2,امیدوار
2,1,2,خمار
2,1,3,مجروح
2,2,1,نازکم
2,1,3,معدوم
2,2,1,دمساز
2,2,2,پریشان
2,1,1,نانوشته
2,1,1,خرامان
2,1,7,سرمست
2,2,1,منوش
2,2,1,حدائق
2,2,1,مضائق
2,1,1,راوقی
2,1,1,بورع
2,2,1,دلفریب
2,1,7,عاقل
2,2,1,متنفر
2,1,1,نشدی
2,1,1,بصد
2,1,1,مشکسای
2,1,1,عارض
2,1,1,قَدَحی
2,1,1,میانی
2,2,3,دردمند
2,2,2,برقرار
2,2,1,مقدور
2,2,1,کاختر
2,1,1,درهم
2,2,1,کج
2,1,1,درونی
2,1,1,کشنده
2,1,1,غلتان
2,2,1,غلتان
2,2,1,محزون
2,1,1,صبور
2,2,3,بدگمان
2,2,1,ثابت
2,2,3,مردنی
2,1,1,خویشتنم
2,1,1,گمگشته
2,1,2,ساده
2,1,1,غمزه
2,2,1,جانی
2,1,3,زارم
2,1,1,بیدارم
2,1,1,محتنم
2,1,3,کوتاه
2,2,1,سازم
2,1,1,لؤلؤی
2,2,1,مکنون
2,1,4,شوریده
2,2,1,ترکی
2,2,2,نامهربان
2,1,3,هلاک
2,2,1,هوایی
2,2,1,نافرمان
2,2,1,چنینی
2,2,1,بالایی
2,1,1,ترکی
2,2,1,بارتر
2,2,2,شکیبا
2,1,1,مجو
2,1,2,سفید
2,1,1,آراسته
2,1,1,هلالی
2,1,1,شمسی
2,2,1,مشتاق
2,2,1,اساسی
2,2,1,مسجل
2,2,1,خوب
2,1,3,خلاص
2,1,1,مطرح
2,2,1,هلاکم
2,1,1,مرکب
2,2,1,باخدا
2,2,1,معادا
2,1,1,جهنده
2,2,1,متحرک
2,1,1,خجسته
2,1,1,مشکی
2,1,1,مزیدی
2,2,1,مرترا
2,2,1,اندکتر
2,1,1,ودیده
2,2,1,گرامیتر
2,1,1,مختلف
2,2,1,دردتر
2,1,2,احمق
2,1,1,مشتاق
2,1,2,محبوس
2,2,1,به
2,1,1,خلالی
2,1,1,مطرب
2,2,3,سست
2,1,1,برقی
2,1,1,صالح
2,1,2,مبارک
2,1,1,ابتر
2,1,1,چپش
2,1,1,جویا
2,2,1,گلگون
2,1,1,آشکار
2,1,1,لاخی
2,2,1,مزرعی
2,1,1,مستور
2,2,1,صالح
2,1,1,چونی
2,1,1,ورا
2,1,3,غیری
2,1,1,خیک
2,1,1,یکسو
2,2,1,منصرف
2,2,2,بری
2,1,1,راضی
2,1,2,چیره
2,2,1,نافذش
2,2,1,ملوث
2,2,1,عقلی
2,1,1,کلان
2,2,2,صدیق
2,2,1,چابک
2,1,1,کردستی
2,1,1,جرااش
2,1,1,جستی
2,2,1,دورتر
2,1,1,شدندی
2,2,1,خاضع
2,1,2,نجس
2,2,1,زینجا
2,2,1,حی
2,1,1,غاصب
2,2,1,همره
2,2,3,ناتمام
2,2,1,شگرف
2,1,1,خسروانی
2,1,1,شدستی
2,1,1,کنی
2,2,1,جایز
2,2,1,سنی
2,2,1,منتظر
2,1,1,کوردل
2,2,1,ذقن
2,2,2,شدنی
2,1,2,ابدی
2,1,1,خجل
2,1,1,جگرسوز
2,1,1,ارجعی
2,1,1,مشوشی
2,2,1,مشوش
2,1,1,تهیتر
2,1,2,منافق
2,2,1,منزه
2,1,1,زیباش
2,2,1,سودا
2,2,1,بیگاه
2,1,1,فلکی
2,2,1,عزیز
2,2,1,صوری
2,2,2,قیوم
2,1,2,هردمی
2,1,1,خامش
2,2,1,رهایش
2,2,1,غبرا
2,2,1,ناپیدا
2,1,1,زفوجی
2,1,1,مردهٔ
2,2,1,مدفون
2,1,1,صعبتر
2,1,1,کردنی
2,2,1,پرتر
2,2,1,هموار
2,2,1,گرامی
2,1,1,گشاد
2,1,1,مهیا
2,1,1,طبیعی
2,1,3,گشاده
2,1,1,ملکت
2,2,1,کر
2,2,2,مستقر
2,1,1,خوشبوی
2,2,2,بدمحضر
2,2,1,مقر
2,1,1,صلواتی
2,2,1,نو
2,1,6,تلخ
2,1,2,عاجز
2,2,1,محسوس
2,2,1,مافرین
2,1,2,خردی
2,1,1,دورتر
2,2,1,بدبخت
2,2,1,برهنه
2,2,1,درمانی
2,1,1,بیهده
2,1,1,مصنوعی
2,2,1,مکن
2,2,1,احتمالی
2,2,1,متابع
2,2,1,تربیتی
2,1,2,فرخنده
2,2,1,ابلیسی
2,1,1,مرموز
2,2,1,اعتباری
2,1,2,زهی
2,1,1,رزجز
2,2,1,فصیح
2,2,1,صریح
2,1,1,خبیث
2,1,1,کارِ
2,1,1,ناپاک
2,1,1,مقبلی
2,1,1,مستمندی
2,1,2,نکو
2,2,1,غره
2,1,1,محکم
2,1,2,مظلوم
2,2,1,مستجاب
2,1,1,سرآمد
2,2,1,آتشِ
2,1,1,معاند
2,2,1,متغیر
2,2,1,منمایش
2,1,1,هموار
2,2,1,دوی
2,1,1,منقطع
2,1,1,روحی
2,1,1,الیمم
2,2,1,جبین
2,1,2,عیسوی
2,1,1,نِهی
2,2,1,محترز
2,1,1,جور
2,2,1,منهدم
2,1,1,سنبل
2,2,3,سیراب
2,1,1,نازک
2,2,1,میانی
2,2,1,حشو
2,1,1,غریب
2,2,1,افتان
2,1,1,بدادائی
2,2,1,مفلسی
2,2,1,زارتر
2,1,1,مردمیش
2,2,1,پیداتر
2,2,1,اوفتاده
2,2,2,بزرگی
2,1,1,معترف
2,1,1,درستش
2,1,1,بیکرانت
2,2,1,خجل
2,1,1,بدستی
2,1,1,مبند
2,2,2,عرفی
2,1,2,خرسند
2,1,1,درگه
2,1,1,یکدانه
2,2,1,گفتنی
2,1,1,ناکس
2,2,1,شرمنده
2,1,1,بریانی
2,1,1,عرفی
2,1,1,خشنود
2,2,1,مخر
2,1,1,ربایی
2,2,1,ملول
2,1,1,نشینی
2,1,1,اوحدی
2,1,1,بیچارهتر
2,1,1,پراگنده
2,1,1,دادنی
2,1,1,فارغ
2,1,1,تاری
2,1,2,کمتر
2,2,3,مریز
2,2,1,ناهموار
2,1,1,آسوده
2,1,4,زشت
2,1,2,غریبی
2,1,1,بادهٔ
2,1,1,قبول
2,1,1,نامهٔ
2,2,1,سیاهش
2,1,1,هوشمند
2,2,1,دوراندیش
2,1,1,وصالی
2,1,1,ماهرخ
2,1,2,بدشان
2,1,1,زانی
2,1,1,حکمی
2,2,1,جزم
2,1,1,باغی
2,2,1,نادم
2,1,1,محلتی
2,1,1,مردنی
2,2,1,ارزی
2,1,1,قصهٔ
2,2,1,زبانی
2,1,1,انده
2,1,1,خطرناک
2,2,1,سبکتر
2,1,1,خورشیدی
2,2,1,موزون
2,1,1,تابی
2,1,1,ریاکار
2,2,1,قدیر
2,1,1,نمیکنی
2,1,1,ساحلی
2,2,1,پوی
2,1,1,فروزان
2,1,1,فغانی
2,1,1,استخوانی
2,1,1,نامهربانی
2,1,1,سواری
2,2,1,عاری
2,2,1,دیوانه
2,2,1,بخویش
2,2,1,توانا
2,1,1,خوشگوی
2,1,1,نامتناسب
2,2,1,حیوانی
2,1,1,خلقی
2,1,1,فلاخن
2,1,1,رمقی
2,2,1,حاکم
2,1,1,سرگردان
2,1,1,بامدادی
2,2,1,اخلاقی
2,1,1,لبالب
2,1,1,گستر
2,2,1,کارساز
2,1,1,دردانه
2,2,1,مپوش
2,1,1,مزدور
2,2,1,خوشدل
2,1,1,چنویی
2,1,3,تهیدست
2,1,1,خواهنده
2,1,1,والا
2,1,1,دلبندش
2,2,2,آشفته
2,1,1,عارضش
2,2,1,مقید
2,2,1,ادبست
2,1,1,فربهی
2,2,1,کوفته
2,1,1,خراشیدی
2,2,1,حسن
2,1,1,آزموده
2,1,1,بیخار
2,2,1,هواپرست
2,1,3,لاابالی
2,2,1,قائل
2,1,1,خیرش
2,1,2,امیدوار
2,1,2,کوته
2,2,1,متصور
2,2,1,شیرین
2,1,1,لطیف
2,2,1,دانا
2,1,1,ازبک
2,2,1,ظالم
2,1,1,مکتوب
2,2,1,معجر
2,1,1,برجسته
2,2,1,چراغان
2,1,1,سازگار
2,2,1,اشرف
2,1,1,درنده
2,1,1,کیمی
2,1,1,پنهانی
2,2,1,خنک
2,1,1,پرسخن
2,2,2,بدخوتر
2,2,1,دستی
2,1,1,خاموشم
2,1,1,پریده
2,1,1,دلسرد
2,2,1,غواصی
2,1,1,بیکار
2,1,1,مدارا
2,1,1,ارم
2,2,1,مبارکش
2,2,1,الذی
2,1,1,ونصیرو
2,2,2,معین
2,1,1,نظمم
2,2,1,آتشین
2,2,1,پیرم
2,2,1,بنیادی
2,2,1,نیستش
2,1,1,پنداری
2,1,1,دامادی
2,2,1,مرغی
2,1,1,یاوه
2,1,1,لاف
2,1,1,توبهٔ
2,2,1,نصوح
2,2,1,هوشیارم
2,1,1,مختصر
2,2,1,دلاور
2,2,1,گرتر
2,1,1,سپیدگرتر
2,1,1,بنگذاری
2,2,1,مختصر
2,2,1,کفه
2,1,1,اتفاقی
2,1,2,خوبت
2,1,1,شیطانی
2,1,1,لغوی
2,1,1,افعی
2,1,1,ناگریزی
2,2,2,مکرم
2,1,1,عاصی
2,2,1,زیادی
2,1,2,روحانی
2,1,2,خلوت
2,2,1,مالامال
2,2,1,حنجر
2,1,1,مطهر
2,1,1,ذلیل
2,1,1,رکیک
2,2,1,ناموزون
2,1,1,متواری
2,1,1,معجزی
2,1,1,مصنوع
2,1,1,فضولی
2,1,1,افتدی
2,2,1,اجل
2,2,1,سار
2,1,2,مومن
2,2,1,مسرور
2,1,1,حور
2,1,2,نیابی
2,1,1,ناگهانی
2,2,1,موکب
2,2,1,مشهور
2,1,1,ضعیف
2,1,1,ار
2,1,1,دستگیر
2,2,1,ذلیل
2,1,1,مردانه
2,2,1,ملعون
2,2,1,باریک
2,2,1,دوری
2,1,1,کای
2,1,1,یکسر
2,1,1,نبینی
2,2,1,بدکردار
2,1,1,ملیح
2,2,1,ملیح
2,1,1,سخاش
2,2,1,تابان
2,1,1,کوفی
2,1,1,بشری
2,2,1,هین
2,2,1,تابناک
2,1,1,بیمارش
2,1,1,بشکفتی
2,1,1,بجمالی
2,1,2,کامل
2,1,2,رگی
2,1,1,مارا
2,2,2,بزین
2,1,1,پرهیزکار
2,2,1,رند
2,1,1,مرامن
2,2,1,مانعم
2,1,1,بخشیدنی
2,1,1,غمهاش
2,1,1,بچشمی
2,1,1,راحتم
2,1,2,معطل
2,2,1,بمیر
2,1,1,آبدار
2,2,1,معقول
2,2,1,مرتد
2,1,1,بازاری
2,1,1,رخی
2,2,1,افضل
2,1,1,مخمورش
2,1,1,منزه
2,2,1,اماره
2,2,1,ناموافق
2,1,2,حیاتی
2,2,1,سهل
2,1,1,ماهانی
2,1,1,معنئی
2,2,1,نازک
2,2,1,مردکی
2,2,1,پرکن
2,2,1,مرصع
2,1,1,جمیل
2,1,1,نما
2,1,1,جدید
2,1,1,پیمانهٔ
2,1,1,بینوا
2,1,1,سرمستی
2,1,1,بیاری
2,1,2,خطهٔ
2,1,1,شوی
2,2,1,محشور
2,2,1,گردشی
2,1,1,چادرنشین
2,2,1,صحرائی
2,2,1,پوشتر
2,2,1,یله
2,1,1,صوتی
2,1,1,عاریتی
2,1,1,دیروزی
2,1,1,دائمی
2,2,1,وحشی
2,2,1,صنعتی
2,1,1,بالفعل
2,1,1,مقرنس
2,2,1,مختل
2,1,1,جانوری
2,1,1,مجازی
2,1,1,ملایم
2,2,1,سرخوش
2,1,1,موقوف
2,1,1,بمعنی
2,1,1,تعدّی
2,2,1,شیفته
2,2,1,مخوف
2,1,1,پیله
2,2,1,انگاری
2,2,1,قدرتر
2,1,1,معتزلی
2,1,1,فراموش
2,1,1,گستاخ
2,2,1,عهدتر
3,1,1,تهی
3,2,1,پر
3,3,1,آشفته
3,1,5,اندک
3,2,5,اندک
3,3,2,کم
3,1,1,عیان
3,2,1,اوّلین
3,3,3,باز
3,1,1,خوش
3,2,2,خوش
3,3,1,برکنار
3,1,1,خودخواه
3,2,1,مغرور
3,3,1,دون
3,1,1,ویژه
3,2,2,پیدا
3,3,1,بلند
3,1,1,جانی
3,2,1,ابرو
3,3,1,کمانی
3,1,2,خندان
3,2,1,توئی
3,3,2,پیدا
3,1,1,خجل
3,2,1,پارسا
3,3,1,دلیر
3,1,1,مختصر
3,2,1,خوشتر
3,3,1,اخصر
3,1,1,خسته
3,2,1,غمگین
3,3,1,غریب
3,1,1,منصفتر
3,2,1,ازین
3,3,2,نامعلوم
3,1,1,مشتی
3,2,1,خاکی
3,3,1,آسان
3,2,1,بفندق
3,3,1,مشکین
3,1,1,خوب
3,2,1,میسر
3,3,1,نمی
3,1,1,بدبخت
3,2,1,بدکردار
3,3,1,دور
3,3,1,پر
3,3,1,خشک
3,1,1,جاهل
3,3,1,خوار
3,1,1,سوزنده
3,2,1,جدا
3,3,1,اولاتر
3,1,1,پاکیزه
3,2,1,بیانی
3,3,1,برسان
3,1,1,سرگشته
3,2,1,کم
3,1,1,پیر
3,2,1,روشن
3,3,1,روان
3,1,1,برین
3,2,1,معلوم
3,1,1,کم
3,2,1,بیش
3,3,1,شمسی
3,1,1,لنگ
3,2,1,بیکبار
3,1,1,نهفته
3,3,1,خوش
3,1,1,بیش
3,2,1,راحت
3,3,1,بیش
